{"marker circle tl page1":{"page":1,"x":12.642568545329247,"y":12.642568545329247,"diameter":6.0,"stroke-width":0.0,"stroke-color":"#000000","fill-color":"#000000"},"marker circle tr page1":{"page":1,"x":196.64256854532925,"y":12.642568545329247,"diameter":6.0,"stroke-width":0.0,"stroke-color":"#000000","fill-color":"#000000"},"b0":{"page":1,"x":10.0,"y":24.914558333333332,"width":50.0,"height":10.0,"stroke-width":0.25,"stroke-color":"#000000","fill-color":"#0000ff"},"b0i":{"page":1,"x":20.139891666666667,"y":39.571225,"width":80.0,"height":25.0,"stroke-width":0.25,"stroke-color":"#000000","fill-color":"#00ff00"},"b1":{"page":1,"x":10.0,"y":69.22789166666666,"width":190.0,"height":10.0,"stroke-width":0.25,"stroke-color":"#000000","fill-color":"#00ffff"},"b2":{"page":1,"x":10.0,"y":92.62745,"width":50.0,"height":10.0,"stroke-width":0.25,"stroke-color":"#000000","fill-color":"#ff0000"},"b2i":{"page":1,"x":20.139891666666667,"y":107.28411666666666,"width":80.0,"height":25.0,"stroke-width":0.25,"stroke-color":"#000000","fill-color":"#ff00ff"},"b3":{"page":1,"x":10.0,"y":268.5,"width":190.0,"height":10.0,"stroke-width":0.25,"stroke-color":"#000000","fill-color":"#ffff00"},"marker circle bl page1":{"page":1,"x":12.642568545329247,"y":282.5357574342181,"diameter":6.0,"stroke-width":0.0,"stroke-color":"#000000","fill-color":"#000000"},"marker circle br page1":{"page":1,"x":196.64256854532925,"y":282.5357574342181,"diameter":6.0,"stroke-width":0.0,"stroke-color":"#000000","fill-color":"#000000"}}
