"Parser","Nb_Copies","Temps_Moyen","Temps_Median","Ecart_Type","Temps_Min","Temps_Max"
"shape_parser",15,23.7668,24.037,7.2164070521872,13.585,33.468
"circle_parser",15,30.6445333333333,29.959,10.104584679856,16.626,45.01
"default_parser",15,31.3862,31.775,8.1302327782525,19.778,42.41
"aruco_parser",15,32.4868,31.996,6.52771525551957,23.723,42.487
"custom_marker_parser",15,43.3006666666667,44.308,10.9173826446417,27.63,58.171
"qrcode_empty_parser",15,47.7333333333333,49.124,15.1473186626104,26.736,68.389
"qrcode_parser",15,49.4568,49.669,14.1924751349841,29.812,69.306
