{
    "b1": {
        "fill-color": "#0000ff",
        "height": 6.942666666666667,
        "page": 1,
        "stroke-color": "#000000",
        "stroke-width": 0.25,
        "width": 6.942666666666667,
        "x": 193.548,
        "y": 279.48466666666667
    },
    "b2": {
        "fill-color": "#0000ff",
        "height": 6.942666666666667,
        "page": 1,
        "stroke-color": "#000000",
        "stroke-width": 0.25,
        "width": 6.942666666666667,
        "x": 9.567333333333334,
        "y": 279.48466666666667
    },
    "b3": {
        "fill-color": "#0000ff",
        "height": 8.805333333333333,
        "page": 1,
        "stroke-color": "#000000",
        "stroke-width": 0.25,
        "width": 8.805333333333333,
        "x": 48.768,
        "y": 248.49666666666667
    },
    "b4": {
        "fill-color": "#0000ff",
        "height": 10.837333333333333,
        "page": 1,
        "stroke-color": "#000000",
        "stroke-width": 0.25,
        "width": 9.482666666666667,
        "x": 200.49066666666667,
        "y": 205.57066666666665
    },
    "b5": {
        "fill-color": "#0000ff",
        "height": 12.022666666666666,
        "page": 1,
        "stroke-color": "#000000",
        "stroke-width": 0.25,
        "width": 12.022666666666666,
        "x": 77.13133333333333,
        "y": 146.98133333333334
    },
    "b6": {
        "fill-color": "#0000ff",
        "height": 6.265333333333333,
        "page": 1,
        "stroke-color": "#000000",
        "stroke-width": 0.25,
        "width": 6.265333333333333,
        "x": 175.09066666666666,
        "y": 106.34133333333332
    },
    "b7": {
        "fill-color": "#0000ff",
        "height": 6.942666666666667,
        "page": 1,
        "stroke-color": "#000000",
        "stroke-width": 0.25,
        "width": 6.942666666666667,
        "x": 193.548,
        "y": 9.567333333333334
    },
    "b8": {
        "fill-color": "#0000ff",
        "height": 6.942666666666667,
        "page": 1,
        "stroke-color": "#000000",
        "stroke-width": 0.25,
        "width": 6.942666666666667,
        "x": 9.567333333333334,
        "y": 9.567333333333334
    },
    "marker circle bl page1": {
        "diameter": 6.858,
        "fill-color": "#000000",
        "page": 1,
        "stroke-color": "#000000",
        "stroke-width": 0.0,
        "x": 12.911666666666667,
        "y": 12.996333333333332
    },
    "marker circle br page1": {
        "diameter": 6.858,
        "fill-color": "#000000",
        "page": 1,
        "stroke-color": "#000000",
        "stroke-width": 0.0,
        "x": 12.911666666666667,
        "y": 12.996333333333332
    },
    "marker circle tl page1": {
        "diameter": 6.858,
        "fill-color": "#000000",
        "page": 1,
        "stroke-color": "#000000",
        "stroke-width": 0.0,
        "x": 12.911666666666667,
        "y": 12.996333333333332
    },
    "marker circle tr page1": {
        "diameter": 6.858,
        "fill-color": "#000000",
        "page": 1,
        "stroke-color": "#000000",
        "stroke-width": 0.0,
        "x": 12.911666666666667,
        "y": 12.996333333333332
    }
}