{
    "b1": {
        "fill-color": "#0000ff",
        "height": 6.942666666666667,
        "page": 1,
        "stroke-color": "#000000",
        "stroke-width": 0.25,
        "width": 6.942666666666667,
        "x": 193.548,
        "y": 279.48466666666667
    },
    "b2": {
        "fill-color": "#0000ff",
        "height": 6.942666666666667,
        "page": 1,
        "stroke-color": "#000000",
        "stroke-width": 0.25,
        "width": 6.942666666666667,
        "x": 9.567333333333334,
        "y": 279.48466666666667
    },
    "b3": {
        "fill-color": "#0000ff",
        "height": 11.684,
        "page": 1,
        "stroke-color": "#000000",
        "stroke-width": 0.25,
        "width": 11.684,
        "x": 54.94866666666667,
        "y": 242.99333333333334
    },
    "b4": {
        "fill-color": "#0000ff",
        "height": 12.022666666666666,
        "page": 1,
        "stroke-color": "#000000",
        "stroke-width": 0.25,
        "width": 12.022666666666666,
        "x": 0.762,
        "y": 229.53133333333332
    },
    "b5": {
        "fill-color": "#0000ff",
        "height": 12.022666666666666,
        "page": 1,
        "stroke-color": "#000000",
        "stroke-width": 0.25,
        "width": 12.022666666666666,
        "x": 122.34333333333333,
        "y": 123.52866666666667
    },
    "b6": {
        "fill-color": "#0000ff",
        "height": 8.128,
        "page": 1,
        "stroke-color": "#000000",
        "stroke-width": 0.25,
        "width": 8.128,
        "x": 168.23266666666666,
        "y": 82.71933333333332
    },
    "b7": {
        "fill-color": "#0000ff",
        "height": 6.942666666666667,
        "page": 1,
        "stroke-color": "#000000",
        "stroke-width": 0.25,
        "width": 6.942666666666667,
        "x": 193.548,
        "y": 9.567333333333334
    },
    "b8": {
        "fill-color": "#0000ff",
        "height": 6.942666666666667,
        "page": 1,
        "stroke-color": "#000000",
        "stroke-width": 0.25,
        "width": 6.942666666666667,
        "x": 9.567333333333334,
        "y": 9.567333333333334
    },
    "marker circle bl page1": {
        "diameter": 6.858,
        "fill-color": "#000000",
        "page": 1,
        "stroke-color": "#000000",
        "stroke-width": 0.0,
        "x": 12.911666666666667,
        "y": 12.996333333333332
    },
    "marker circle br page1": {
        "diameter": 6.858,
        "fill-color": "#000000",
        "page": 1,
        "stroke-color": "#000000",
        "stroke-width": 0.0,
        "x": 12.911666666666667,
        "y": 12.996333333333332
    },
    "marker circle tl page1": {
        "diameter": 6.858,
        "fill-color": "#000000",
        "page": 1,
        "stroke-color": "#000000",
        "stroke-width": 0.0,
        "x": 12.911666666666667,
        "y": 12.996333333333332
    },
    "marker circle tr page1": {
        "diameter": 6.858,
        "fill-color": "#000000",
        "page": 1,
        "stroke-color": "#000000",
        "stroke-width": 0.0,
        "x": 12.911666666666667,
        "y": 12.996333333333332
    }
}