{
    "b1": {
        "fill-color": "#0000ff",
        "height": 6.942666666666667,
        "page": 1,
        "stroke-color": "#000000",
        "stroke-width": 0.25,
        "width": 6.942666666666667,
        "x": 193.548,
        "y": 279.48466666666667
    },
    "b2": {
        "fill-color": "#0000ff",
        "height": 6.942666666666667,
        "page": 1,
        "stroke-color": "#000000",
        "stroke-width": 0.25,
        "width": 6.942666666666667,
        "x": 9.567333333333334,
        "y": 279.48466666666667
    },
    "b3": {
        "fill-color": "#0000ff",
        "height": 6.265333333333333,
        "page": 1,
        "stroke-color": "#000000",
        "stroke-width": 0.25,
        "width": 6.265333333333333,
        "x": 135.46666666666667,
        "y": 193.97133333333332
    },
    "b4": {
        "fill-color": "#0000ff",
        "height": 7.450666666666667,
        "page": 1,
        "stroke-color": "#000000",
        "stroke-width": 0.25,
        "width": 7.450666666666667,
        "x": 76.28466666666667,
        "y": 184.23466666666667
    },
    "b5": {
        "fill-color": "#0000ff",
        "height": 8.128,
        "page": 1,
        "stroke-color": "#000000",
        "stroke-width": 0.25,
        "width": 8.128,
        "x": 194.564,
        "y": 102.27733333333333
    },
    "b6": {
        "fill-color": "#0000ff",
        "height": 11.684,
        "page": 1,
        "stroke-color": "#000000",
        "stroke-width": 0.25,
        "width": 11.684,
        "x": 152.06133333333332,
        "y": 95.08066666666666
    },
    "b7": {
        "fill-color": "#0000ff",
        "height": 6.942666666666667,
        "page": 1,
        "stroke-color": "#000000",
        "stroke-width": 0.25,
        "width": 6.942666666666667,
        "x": 193.548,
        "y": 9.567333333333334
    },
    "b8": {
        "fill-color": "#0000ff",
        "height": 6.942666666666667,
        "page": 1,
        "stroke-color": "#000000",
        "stroke-width": 0.25,
        "width": 6.942666666666667,
        "x": 9.567333333333334,
        "y": 9.567333333333334
    },
    "b9": {
        "fill-color": "#0000ff",
        "height": 10.329333333333333,
        "page": 1,
        "stroke-color": "#000000",
        "stroke-width": 0.25,
        "width": 11.006666666666666,
        "x": 113.70733333333332,
        "y": 0.0
    },
    "marker circle bl page1": {
        "diameter": 6.874933074951172,
        "fill-color": "#000000",
        "page": 1,
        "stroke-color": "#000000",
        "stroke-width": 0.0,
        "x": 12.996333333333332,
        "y": 13.081
    },
    "marker circle br page1": {
        "diameter": 6.874933074951172,
        "fill-color": "#000000",
        "page": 1,
        "stroke-color": "#000000",
        "stroke-width": 0.0,
        "x": 12.996333333333332,
        "y": 13.081
    },
    "marker circle tl page1": {
        "diameter": 6.874933074951172,
        "fill-color": "#000000",
        "page": 1,
        "stroke-color": "#000000",
        "stroke-width": 0.0,
        "x": 12.996333333333332,
        "y": 13.081
    },
    "marker circle tr page1": {
        "diameter": 6.874933074951172,
        "fill-color": "#000000",
        "page": 1,
        "stroke-color": "#000000",
        "stroke-width": 0.0,
        "x": 12.996333333333332,
        "y": 13.081
    }
}