{
    "b1": {
        "fill-color": "#0000ff",
        "height": 6.942666666666667,
        "page": 1,
        "stroke-color": "#000000",
        "stroke-width": 0.25,
        "width": 6.942666666666667,
        "x": 193.548,
        "y": 279.48466666666667
    },
    "b2": {
        "fill-color": "#0000ff",
        "height": 6.942666666666667,
        "page": 1,
        "stroke-color": "#000000",
        "stroke-width": 0.25,
        "width": 6.942666666666667,
        "x": 9.567333333333334,
        "y": 279.48466666666667
    },
    "b3": {
        "fill-color": "#0000ff",
        "height": 9.567333333333334,
        "page": 1,
        "stroke-color": "#000000",
        "stroke-width": 0.25,
        "width": 9.652,
        "x": 119.04133333333333,
        "y": 257.97933333333333
    },
    "b4": {
        "fill-color": "#0000ff",
        "height": 6.265333333333333,
        "page": 1,
        "stroke-color": "#000000",
        "stroke-width": 0.25,
        "width": 6.265333333333333,
        "x": 33.019999999999996,
        "y": 245.95666666666665
    },
    "b5": {
        "fill-color": "#0000ff",
        "height": 8.805333333333333,
        "page": 1,
        "stroke-color": "#000000",
        "stroke-width": 0.25,
        "width": 8.805333333333333,
        "x": 37.083999999999996,
        "y": 233.34133333333332
    },
    "b6": {
        "fill-color": "#0000ff",
        "height": 5.503333333333333,
        "page": 1,
        "stroke-color": "#000000",
        "stroke-width": 0.25,
        "width": 5.503333333333333,
        "x": 32.596666666666664,
        "y": 193.548
    },
    "b7": {
        "fill-color": "#0000ff",
        "height": 6.942666666666667,
        "page": 1,
        "stroke-color": "#000000",
        "stroke-width": 0.25,
        "width": 6.942666666666667,
        "x": 193.548,
        "y": 9.567333333333334
    },
    "b8": {
        "fill-color": "#0000ff",
        "height": 6.942666666666667,
        "page": 1,
        "stroke-color": "#000000",
        "stroke-width": 0.25,
        "width": 6.942666666666667,
        "x": 9.567333333333334,
        "y": 9.567333333333334
    },
    "marker circle bl page1": {
        "diameter": 6.858,
        "fill-color": "#000000",
        "page": 1,
        "stroke-color": "#000000",
        "stroke-width": 0.0,
        "x": 12.911666666666667,
        "y": 12.996333333333332
    },
    "marker circle br page1": {
        "diameter": 6.858,
        "fill-color": "#000000",
        "page": 1,
        "stroke-color": "#000000",
        "stroke-width": 0.0,
        "x": 12.911666666666667,
        "y": 12.996333333333332
    },
    "marker circle tl page1": {
        "diameter": 6.858,
        "fill-color": "#000000",
        "page": 1,
        "stroke-color": "#000000",
        "stroke-width": 0.0,
        "x": 12.911666666666667,
        "y": 12.996333333333332
    },
    "marker circle tr page1": {
        "diameter": 6.858,
        "fill-color": "#000000",
        "page": 1,
        "stroke-color": "#000000",
        "stroke-width": 0.0,
        "x": 12.911666666666667,
        "y": 12.996333333333332
    }
}