{
    "b1": {
        "fill-color": "#0000ff",
        "height": 6.942666666666667,
        "page": 1,
        "stroke-color": "#000000",
        "stroke-width": 0.25,
        "width": 6.942666666666667,
        "x": 193.548,
        "y": 279.48466666666667
    },
    "b2": {
        "fill-color": "#0000ff",
        "height": 6.942666666666667,
        "page": 1,
        "stroke-color": "#000000",
        "stroke-width": 0.25,
        "width": 6.942666666666667,
        "x": 9.567333333333334,
        "y": 279.48466666666667
    },
    "b3": {
        "fill-color": "#0000ff",
        "height": 10.498666666666667,
        "page": 1,
        "stroke-color": "#000000",
        "stroke-width": 0.25,
        "width": 10.498666666666667,
        "x": 164.084,
        "y": 256.8786666666667
    },
    "b4": {
        "fill-color": "#0000ff",
        "height": 9.652,
        "page": 1,
        "stroke-color": "#000000",
        "stroke-width": 0.25,
        "width": 9.567333333333334,
        "x": 170.77266666666665,
        "y": 118.44866666666667
    },
    "b5": {
        "fill-color": "#0000ff",
        "height": 8.636,
        "page": 1,
        "stroke-color": "#000000",
        "stroke-width": 0.25,
        "width": 8.636,
        "x": 127.33866666666667,
        "y": 23.537333333333333
    },
    "b6": {
        "fill-color": "#0000ff",
        "height": 6.942666666666667,
        "page": 1,
        "stroke-color": "#000000",
        "stroke-width": 0.25,
        "width": 6.942666666666667,
        "x": 193.548,
        "y": 9.567333333333334
    },
    "b7": {
        "fill-color": "#0000ff",
        "height": 6.942666666666667,
        "page": 1,
        "stroke-color": "#000000",
        "stroke-width": 0.25,
        "width": 6.942666666666667,
        "x": 9.567333333333334,
        "y": 9.567333333333334
    },
    "marker circle bl page1": {
        "diameter": 6.858,
        "fill-color": "#000000",
        "page": 1,
        "stroke-color": "#000000",
        "stroke-width": 0.0,
        "x": 12.911666666666667,
        "y": 12.996333333333332
    },
    "marker circle br page1": {
        "diameter": 6.858,
        "fill-color": "#000000",
        "page": 1,
        "stroke-color": "#000000",
        "stroke-width": 0.0,
        "x": 12.911666666666667,
        "y": 12.996333333333332
    },
    "marker circle tl page1": {
        "diameter": 6.858,
        "fill-color": "#000000",
        "page": 1,
        "stroke-color": "#000000",
        "stroke-width": 0.0,
        "x": 12.911666666666667,
        "y": 12.996333333333332
    },
    "marker circle tr page1": {
        "diameter": 6.858,
        "fill-color": "#000000",
        "page": 1,
        "stroke-color": "#000000",
        "stroke-width": 0.0,
        "x": 12.911666666666667,
        "y": 12.996333333333332
    }
}