{
    "b1": {
        "fill-color": "#0000ff",
        "height": 8.212666666666667,
        "page": 1,
        "stroke-color": "#000000",
        "stroke-width": 0.25,
        "width": 11.684,
        "x": 159.17333333333332,
        "y": 288.798
    },
    "b2": {
        "fill-color": "#0000ff",
        "height": 6.942666666666667,
        "page": 1,
        "stroke-color": "#000000",
        "stroke-width": 0.25,
        "width": 6.942666666666667,
        "x": 193.548,
        "y": 279.48466666666667
    },
    "b3": {
        "fill-color": "#0000ff",
        "height": 6.942666666666667,
        "page": 1,
        "stroke-color": "#000000",
        "stroke-width": 0.25,
        "width": 6.942666666666667,
        "x": 9.567333333333334,
        "y": 279.48466666666667
    },
    "b4": {
        "fill-color": "#0000ff",
        "height": 10.329333333333333,
        "page": 1,
        "stroke-color": "#000000",
        "stroke-width": 0.25,
        "width": 10.329333333333333,
        "x": 157.56466666666665,
        "y": 157.14133333333334
    },
    "b5": {
        "fill-color": "#0000ff",
        "height": 7.62,
        "page": 1,
        "stroke-color": "#000000",
        "stroke-width": 0.25,
        "width": 7.62,
        "x": 145.88066666666666,
        "y": 142.15533333333332
    },
    "b6": {
        "fill-color": "#0000ff",
        "height": 11.514666666666667,
        "page": 1,
        "stroke-color": "#000000",
        "stroke-width": 0.25,
        "width": 11.514666666666667,
        "x": 152.06133333333332,
        "y": 36.99933333333333
    },
    "b7": {
        "fill-color": "#0000ff",
        "height": 6.942666666666667,
        "page": 1,
        "stroke-color": "#000000",
        "stroke-width": 0.25,
        "width": 6.942666666666667,
        "x": 193.548,
        "y": 9.567333333333334
    },
    "b8": {
        "fill-color": "#0000ff",
        "height": 6.942666666666667,
        "page": 1,
        "stroke-color": "#000000",
        "stroke-width": 0.25,
        "width": 6.942666666666667,
        "x": 9.567333333333334,
        "y": 9.567333333333334
    },
    "marker circle bl page1": {
        "diameter": 6.874933074951172,
        "fill-color": "#000000",
        "page": 1,
        "stroke-color": "#000000",
        "stroke-width": 0.0,
        "x": 12.996333333333332,
        "y": 13.081
    },
    "marker circle br page1": {
        "diameter": 6.874933074951172,
        "fill-color": "#000000",
        "page": 1,
        "stroke-color": "#000000",
        "stroke-width": 0.0,
        "x": 12.996333333333332,
        "y": 13.081
    },
    "marker circle tl page1": {
        "diameter": 6.874933074951172,
        "fill-color": "#000000",
        "page": 1,
        "stroke-color": "#000000",
        "stroke-width": 0.0,
        "x": 12.996333333333332,
        "y": 13.081
    },
    "marker circle tr page1": {
        "diameter": 6.874933074951172,
        "fill-color": "#000000",
        "page": 1,
        "stroke-color": "#000000",
        "stroke-width": 0.0,
        "x": 12.996333333333332,
        "y": 13.081
    }
}