{
    "b1": {
        "fill-color": "#0000ff",
        "height": 5.588,
        "page": 1,
        "stroke-color": "#000000",
        "stroke-width": 0.25,
        "width": 9.144,
        "x": 176.44533333333334,
        "y": 291.42266666666666
    },
    "b2": {
        "fill-color": "#0000ff",
        "height": 5.08,
        "page": 1,
        "stroke-color": "#000000",
        "stroke-width": 0.25,
        "width": 5.08,
        "x": 60.705999999999996,
        "y": 280.24666666666667
    },
    "b3": {
        "fill-color": "#0000ff",
        "height": 6.942666666666667,
        "page": 1,
        "stroke-color": "#000000",
        "stroke-width": 0.25,
        "width": 6.942666666666667,
        "x": 9.567333333333334,
        "y": 279.48466666666667
    },
    "b4": {
        "fill-color": "#0000ff",
        "height": 12.192,
        "page": 1,
        "stroke-color": "#000000",
        "stroke-width": 0.25,
        "width": 16.256,
        "x": 193.548,
        "y": 278.46866666666665
    },
    "b5": {
        "fill-color": "#0000ff",
        "height": 6.942666666666667,
        "page": 1,
        "stroke-color": "#000000",
        "stroke-width": 0.25,
        "width": 6.942666666666667,
        "x": 166.11599999999999,
        "y": 227.41466666666665
    },
    "b6": {
        "fill-color": "#0000ff",
        "height": 10.837333333333333,
        "page": 1,
        "stroke-color": "#000000",
        "stroke-width": 0.25,
        "width": 10.837333333333333,
        "x": 134.62,
        "y": 135.89
    },
    "b7": {
        "fill-color": "#0000ff",
        "height": 6.942666666666667,
        "page": 1,
        "stroke-color": "#000000",
        "stroke-width": 0.25,
        "width": 6.942666666666667,
        "x": 193.548,
        "y": 9.567333333333334
    },
    "b8": {
        "fill-color": "#0000ff",
        "height": 6.942666666666667,
        "page": 1,
        "stroke-color": "#000000",
        "stroke-width": 0.25,
        "width": 6.942666666666667,
        "x": 9.567333333333334,
        "y": 9.567333333333334
    },
    "marker circle bl page1": {
        "diameter": 6.874933074951172,
        "fill-color": "#000000",
        "page": 1,
        "stroke-color": "#000000",
        "stroke-width": 0.0,
        "x": 12.996333333333332,
        "y": 13.081
    },
    "marker circle br page1": {
        "diameter": 6.874933074951172,
        "fill-color": "#000000",
        "page": 1,
        "stroke-color": "#000000",
        "stroke-width": 0.0,
        "x": 12.996333333333332,
        "y": 13.081
    },
    "marker circle tl page1": {
        "diameter": 6.874933074951172,
        "fill-color": "#000000",
        "page": 1,
        "stroke-color": "#000000",
        "stroke-width": 0.0,
        "x": 12.996333333333332,
        "y": 13.081
    },
    "marker circle tr page1": {
        "diameter": 6.874933074951172,
        "fill-color": "#000000",
        "page": 1,
        "stroke-color": "#000000",
        "stroke-width": 0.0,
        "x": 12.996333333333332,
        "y": 13.081
    }
}