{
    "b1": {
        "fill-color": "#0000ff",
        "height": 8.128,
        "page": 1,
        "stroke-color": "#000000",
        "stroke-width": 0.25,
        "width": 8.128,
        "x": 142.494,
        "y": 287.782
    },
    "b2": {
        "fill-color": "#0000ff",
        "height": 6.942666666666667,
        "page": 1,
        "stroke-color": "#000000",
        "stroke-width": 0.25,
        "width": 6.942666666666667,
        "x": 193.548,
        "y": 279.48466666666667
    },
    "b3": {
        "fill-color": "#0000ff",
        "height": 6.942666666666667,
        "page": 1,
        "stroke-color": "#000000",
        "stroke-width": 0.25,
        "width": 6.942666666666667,
        "x": 9.567333333333334,
        "y": 279.48466666666667
    },
    "b4": {
        "fill-color": "#0000ff",
        "height": 8.128,
        "page": 1,
        "stroke-color": "#000000",
        "stroke-width": 0.25,
        "width": 8.128,
        "x": 88.81533333333333,
        "y": 230.124
    },
    "b5": {
        "fill-color": "#0000ff",
        "height": 5.249333333333333,
        "page": 1,
        "stroke-color": "#000000",
        "stroke-width": 0.25,
        "width": 5.249333333333333,
        "x": 164.084,
        "y": 185.84333333333333
    },
    "b6": {
        "fill-color": "#0000ff",
        "height": 6.942666666666667,
        "page": 1,
        "stroke-color": "#000000",
        "stroke-width": 0.25,
        "width": 6.942666666666667,
        "x": 193.548,
        "y": 9.567333333333334
    },
    "b7": {
        "fill-color": "#0000ff",
        "height": 6.942666666666667,
        "page": 1,
        "stroke-color": "#000000",
        "stroke-width": 0.25,
        "width": 6.942666666666667,
        "x": 9.567333333333334,
        "y": 9.567333333333334
    },
    "marker circle bl page1": {
        "diameter": 6.874933074951172,
        "fill-color": "#000000",
        "page": 1,
        "stroke-color": "#000000",
        "stroke-width": 0.0,
        "x": 12.996333333333332,
        "y": 13.081
    },
    "marker circle br page1": {
        "diameter": 6.874933074951172,
        "fill-color": "#000000",
        "page": 1,
        "stroke-color": "#000000",
        "stroke-width": 0.0,
        "x": 12.996333333333332,
        "y": 13.081
    },
    "marker circle tl page1": {
        "diameter": 6.874933074951172,
        "fill-color": "#000000",
        "page": 1,
        "stroke-color": "#000000",
        "stroke-width": 0.0,
        "x": 12.996333333333332,
        "y": 13.081
    },
    "marker circle tr page1": {
        "diameter": 6.874933074951172,
        "fill-color": "#000000",
        "page": 1,
        "stroke-color": "#000000",
        "stroke-width": 0.0,
        "x": 12.996333333333332,
        "y": 13.081
    }
}